1000,Parturient LLC,,073-865-7780,1994年08月02日
5321,In Associates,,085-690-6855,2009年11月25日
9642,Posuere Vulputate Inc.,1000,092-879-3944,1993年05月24日
13963,Neque Sed Eget Ltd,1000,067-319-7198,2014年01月11日
18284,Lectus Industries,13963,026-565-8414,2007年05月15日
22605,Et Pede Corporation,13963,039-816-2745,1994年06月16日
26926,Amet Risus Inc.,5321,058-206-5730,2003年05月05日
31247,Aliquam Limited,,034-170-1366,2013年06月10日
35568,Luctus Corporation,26926,047-557-1640,1997年10月14日
39889,Pede Cum Sociis Consulting,26926,079-709-2493,2013年09月22日
44210,Nibh Phasellus PC,31247,069-949-4736,1998年10月24日
48531,Non Sapien Ltd,39889,047-989-8711,2016年05月13日
52852,Tortor Dictum Limited,44210,041-519-8197,1991年08月08日
57173,Sagittis Augue Eu Industries,39889,065-405-5053,1999年12月10日
61494,Orci Ut Associates,57173,051-419-4543,1992年01月12日
65815,Dictum Proin Limited,22605,033-944-6520,2016年05月16日
70136,Proin Ultrices LLP,9642,005-843-8771,2010年05月01日
74457,Risus A Associates,35568,069-478-3837,2014年05月10日
78778,Mattis Semper Dui Industries,5321,024-383-9231,2006年09月30日
83099,Ac Inc.,35568,000-756-4990,1997年11月03日
87420,Mauris Ipsum Porta Industries,22605,003-617-0003,2019年07月22日
91741,Ante Industries,18284,090-282-3051,2012年11月05日
96062,Varius Ultrices Industries,61494,085-155-0815,1998年05月01日
100383,Neque Incorporated,44210,064-975-2669,2018年07月22日
104704,Orci Luctus Et Industries,96062,083-278-8485,2003年12月15日
109025,Dapibus Ltd,31247,051-668-7817,2013年02月28日
113346,Cras Vulputate Velit Ltd,96062,088-855-3793,2011年11月05日
117667,Massa Rutrum Consulting,48531,049-330-2992,2019年07月27日
121988,Montes Nascetur Industries,9642,094-987-7769,2003年07月20日
126309,Lectus Quis Corporation,87420,095-121-5260,1995年07月01日
130630,Suspendisse Dui Fusce LLC,121988,049-265-5971,2007年05月14日
134951,Nulla Tempor Institute,78778,091-163-6184,2004年08月03日
139272,Elit Elit Fermentum Institute,18284,049-405-7904,2019年08月30日
143593,Mauris Nulla Integer Limited,78778,050-603-6381,1992年10月07日
147914,Eu Associates,134951,098-694-8256,2017年09月29日
152235,Elit Fermentum Risus Industries,87420,003-825-0744,2020年03月31日
156556,Magna Ut Incorporated,130630,088-053-5291,1995年05月12日
160877,A Corp.,113346,012-726-4071,2004年09月06日
165198,Eleifend Institute,121988,070-246-0564,2000年03月25日
169519,Nunc Commodo Corporation,57173,035-865-7100,2010年04月19日
173840,Elit Pellentesque Foundation,91741,035-943-0702,2019年10月03日
178161,Magna Nec PC,65815,023-124-0680,2016年06月24日
182482,Nonummy Ac Feugiat PC,83099,091-575-9887,2001年08月07日
186803,Erat Ltd,126309,088-299-6066,2011年07月04日
191124,Commodo At Libero Company,173840,037-846-7240,2017年10月27日
195445,Elit A Associates,160877,081-428-1841,1999年08月14日
199766,Nulla Aliquet Foundation,147914,086-954-8704,1991年11月16日
204087,Et Nunc Company,117667,030-593-1164,2015年01月24日
208408,Eu Ltd,173840,069-101-6380,2001年07月24日
212729,Turpis Nulla Foundation,91741,097-263-4880,2018年05月20日
217050,Nibh Limited,139272,066-880-6543,2009年10月13日
221371,Duis Sit Amet LLC,113346,046-271-4619,1998年10月14日
225692,Erat Vitae Foundation,147914,081-442-4062,2000年06月24日
230013,Vulputate Eu Odio PC,109025,013-787-3107,1998年05月09日
234334,Ornare Associates,212729,020-539-9345,2002年12月23日
238655,Erat Industries,195445,047-690-6715,2013年07月30日
242976,Cras LLP,234334,070-768-5999,2008年11月28日
247297,Dis Parturient Inc.,109025,074-772-9553,2001年01月29日
251618,Nisi Nibh Lacinia Inc.,117667,024-213-7353,2017年09月17日
255939,Arcu Company,83099,006-798-3298,2001年02月11日
260260,Nulla Magna Limited,191124,087-592-9342,1995年02月22日
264581,Non Lorem Limited,126309,065-437-9430,1999年10月15日
268902,Etiam Bibendum Industries,204087,002-148-3055,2004年02月20日
273223,Faucibus Ut LLC,156556,099-489-4359,2005年10月05日
277544,Fusce Feugiat Institute,134951,057-931-8132,2001年04月08日
281865,Nonummy Incorporated,70136,056-931-4999,2017年02月10日
286186,Purus Sapien Gravida Corporation,61494,097-668-4440,1995年01月09日
290507,Quam Limited,182482,053-661-2273,1999年09月22日
294828,Dui Nec Foundation,230013,058-643-5177,1999年10月24日
299149,Tempus Non Company,260260,088-524-0306,2004年03月10日
303470,Dapibus Id Blandit Incorporated,225692,088-369-1072,2014年08月15日
307791,Orci Luctus LLP,260260,096-608-5726,1997年05月29日
312112,Auctor LLP,143593,059-699-6308,2009年11月12日
316433,Enim Mauris Consulting,268902,089-436-4400,2003年04月30日
320754,Scelerisque PC,312112,019-645-5133,2012年11月20日
325075,Sed Sapien Corporation,48531,076-082-3788,2010年10月27日
329396,Nulla PC,152235,063-244-6407,1994年12月12日
333717,Accumsan Industries,169519,087-474-1896,2005年04月14日
338038,Mauris Blandit Enim Limited,139272,065-719-9071,2018年01月04日
342359,Molestie In Tempus Inc.,52852,001-398-9730,2015年11月12日
346680,Ornare Institute,342359,071-934-5948,1999年08月29日
351001,Sed Malesuada Augue Limited,242976,088-187-1743,2004年11月18日
355322,Odio Nam Interdum Inc.,217050,039-138-5923,2003年12月02日
359643,A Mi LLP,338038,020-443-2651,2000年12月11日
363964,Nunc Sed Pede Foundation,186803,047-965-6390,2007年10月16日
368285,Laoreet Ipsum Curabitur Foundation,303470,051-073-8459,2005年04月03日
372606,Dui Suspendisse PC,355322,002-366-5149,2000年02月08日
376927,Ipsum Primis In Industries,156556,073-096-7229,2003年10月21日
381248,Rutrum Consulting,191124,005-522-2510,2004年07月02日
385569,Habitant Morbi Tristique Industries,208408,013-358-7741,1995年01月03日
389890,Lobortis Inc.,74457,020-061-6803,1993年12月01日
394211,Habitant Morbi Tristique PC,100383,097-820-2734,2019年07月12日
398532,Fringilla Cursus Consulting,247297,065-340-9050,2012年12月17日
402853,A Neque LLC,217050,090-191-5814,2010年11月25日
407174,Eleifend Limited,165198,015-710-0451,1991年04月06日
411495,Mi Aliquam Gravida Incorporated,346680,049-635-6671,2010年04月08日
415816,Placerat Orci Inc.,268902,057-438-1878,2012年08月03日
420137,Ipsum Foundation,281865,023-451-3251,2019年02月10日
424458,Blandit Mattis LLC,264581,041-764-2409,2018年02月01日
428779,Mollis Dui Associates,212729,042-701-9395,2014年10月04日