1000,Risus LLC,,027-535-3997,2009年11月27日
5321,Scelerisque Ltd,1000,094-130-0833,1991年01月16日
9642,Massa Integer Vitae Inc.,1000,010-273-5820,2005年10月28日
13963,Euismod Est Institute,9642,087-082-3639,2012年10月06日
18284,Vitae Corp.,9642,085-219-9845,2011年08月01日
22605,In Cursus Et Industries,5321,026-955-5323,1993年07月02日
26926,Nibh Enim Associates,18284,044-288-2643,2014年07月11日
31247,Accumsan Sed Foundation,26926,079-026-5451,1990年11月11日
35568,Nisl Ltd,,086-274-2573,2014年03月19日
39889,Lobortis Quam LLP,26926,026-631-4749,2000年04月23日
44210,Magna A Associates,35568,002-649-0884,2010年12月30日
48531,Suscipit LLP,5321,016-512-2442,1994年03月16日
52852,Massa Ltd,,077-646-8311,2005年12月26日
57173,Vehicula Limited,48531,042-888-4573,2008年04月01日
61494,Interdum Libero Dui Corp.,57173,081-569-3527,2018年02月22日
65815,Non Hendrerit Institute,44210,082-971-9300,2012年02月17日
70136,Magnis Company,57173,051-386-9490,1998年02月08日
74457,Diam Corporation,35568,081-983-8112,2010年10月02日
78778,Condimentum Eget Volutpat Ltd,48531,056-783-2820,2017年10月18日
83099,Amet Risus LLP,52852,005-711-6228,2009年10月19日
87420,Ipsum Ltd,83099,036-765-9541,1998年11月30日
91741,Luctus Aliquet Odio Corp.,83099,092-027-1176,2013年01月03日
96062,Velit Pellentesque Ltd,70136,045-513-0453,2010年12月10日
100383,Magnis PC,70136,055-317-2328,2012年05月20日
104704,Velit Institute,91741,003-858-1009,2004年06月09日
109025,Lorem Foundation,22605,033-814-8105,2020年01月24日
113346,Lacinia Sed Congue Industries,39889,017-996-4985,2019年07月17日
117667,Orci Sem Ltd,65815,006-245-2897,2008年10月28日
121988,Gravida Corporation,87420,046-138-6030,1999年03月08日
126309,Congue A Incorporated,117667,094-177-9574,2016年01月11日
130630,Libero Et Limited,18284,049-563-7074,2008年08月07日
134951,Erat LLP,126309,019-486-4773,1995年07月06日
139272,Nec Tempus Scelerisque Limited,134951,096-859-5864,2008年10月09日
143593,Magna Corp.,100383,065-066-3813,2006年07月18日
147914,Suscipit Limited,143593,044-053-8236,2013年02月22日
152235,Pede Praesent Eu Corp.,96062,023-998-6626,1993年03月13日
156556,Rutrum Lorem Ac Consulting,104704,007-638-8730,1992年12月01日
160877,Fusce Foundation,22605,005-516-4764,1990年12月27日
165198,Vitae Posuere At Inc.,52852,045-378-1489,2000年11月04日
169519,Nec Tellus Foundation,31247,013-248-3010,2000年09月28日
173840,Urna Et Arcu Inc.,165198,086-777-9199,1999年11月15日
178161,Laoreet Libero Ltd,39889,081-247-2789,1993年12月19日
182482,Quisque Imperdiet Industries,152235,071-299-0995,2010年04月14日
186803,Ut Tincidunt Orci Industries,96062,062-495-0601,2002年04月13日
191124,Et Magnis Dis Corp.,65815,090-781-6886,2015年02月14日
195445,Donec Sollicitudin Adipiscing Company,173840,098-721-9878,1997年05月10日
199766,Consectetuer Adipiscing Elit Inc.,182482,050-808-9367,2002年04月26日
204087,Cras Lorem Lorem Consulting,152235,044-378-7539,2002年06月29日
208408,Imperdiet Ullamcorper Foundation,156556,090-641-5841,2015年10月20日
212729,Erat Consulting,78778,022-061-2292,2004年10月01日
217050,Ut Nulla Cras LLC,91741,034-354-3887,1998年07月16日
221371,Ridiculus Mus PC,117667,027-732-6269,1992年02月08日
225692,Justo Consulting,165198,053-470-0773,1999年11月24日
230013,Felis Incorporated,212729,013-796-6333,2005年01月10日
234334,Nulla Facilisis LLP,61494,057-028-6211,2012年11月08日
238655,Mauris Rhoncus Institute,147914,044-182-0467,2014年02月22日
242976,Quisque Ltd,104704,019-795-9621,2016年03月09日
247297,Fusce Mi Corp.,147914,096-742-0591,2001年09月17日
251618,Ipsum Ac Industries,238655,017-539-1682,2009年06月11日
255939,Tempus Risus Donec Associates,139272,006-421-0262,2011年11月30日
260260,Sem Mollis Dui PC,221371,087-835-3348,1994年06月12日
264581,Ullamcorper Duis LLP,217050,078-047-8758,1994年11月21日
268902,Praesent Foundation,264581,081-288-8503,2002年06月03日
273223,Morbi Vehicula Ltd,251618,082-615-2173,2019年11月17日
277544,Amet Lorem Semper Corp.,173840,089-366-9148,1993年02月07日
281865,At Fringilla Purus Inc.,217050,098-847-1320,2004年07月07日
286186,Laoreet Posuere Enim PC,199766,045-585-9992,1997年12月12日
290507,Blandit Congue LLP,238655,077-907-5196,2001年10月28日
294828,Mauris Vel Turpis Inc.,44210,073-922-0465,2011年01月19日
299149,Consectetuer Ltd,113346,037-782-2480,2015年09月12日
303470,Suspendisse Sagittis Nullam Corporation,199766,057-946-1204,1996年05月02日
307791,Nam Company,61494,023-772-0540,2019年05月01日
312112,Nunc Ullamcorper Eu Limited,212729,049-098-0768,2019年11月18日
316433,Mauris Integer Company,303470,027-742-0961,1997年10月17日
320754,Non Nisi Aenean Foundation,221371,033-037-2986,2016年06月25日
325075,Dictum Mi Incorporated,139272,062-428-0981,1992年07月01日
329396,Vitae Consulting,160877,054-795-2450,2008年06月07日
333717,Faucibus Orci Limited,273223,094-958-0222,2006年05月23日
338038,Donec Industries,268902,061-444-2725,1994年03月22日
342359,Eu Elit Nulla Corp.,156556,053-853-7704,1991年10月31日
346680,Pharetra Nam Consulting,307791,061-949-3852,2011年12月21日
351001,Magna Cras Ltd,242976,032-527-2761,1997年11月11日
355322,Porttitor Scelerisque Neque Incorporated,307791,039-117-7272,2017年10月31日
359643,Dignissim Pharetra Nam Ltd,303470,005-774-3371,2005年12月02日
363964,Urna Ut PC,178161,036-896-7786,1998年10月01日
368285,Pede Blandit Congue Corporation,333717,087-134-8439,2000年07月30日
372606,Nascetur Corp.,208408,064-244-0514,2020年01月09日
376927,Justo Proin Non Foundation,255939,035-325-1281,2000年11月10日
381248,Molestie Orci Tincidunt PC,260260,046-458-7358,2020年02月24日
385569,Dui LLC,299149,011-750-6238,2018年02月05日
389890,Mi Incorporated,160877,077-793-6318,2010年02月01日
394211,Laoreet Limited,251618,068-603-2978,2002年06月14日
398532,At Risus Nunc Limited,329396,058-922-4466,2019年09月17日
402853,Aenean Eget Metus Industries,247297,046-844-7990,2000年06月17日
407174,Egestas Ligula Associates,204087,000-575-2903,2016年02月02日
411495,Nunc Foundation,204087,057-578-3174,2004年02月16日
415816,Fusce Dolor Quam Corp.,372606,094-936-2448,2007年04月23日
420137,Et LLP,277544,012-526-2909,2013年08月14日
424458,Tincidunt Donec Vitae Company,338038,024-277-8668,2001年04月11日
428779,Tempor Arcu Vestibulum Institute,381248,003-022-8969,1998年12月19日
433100,Tempor Inc.,126309,085-007-8395,1994年03月02日
437421,Vitae Erat Vel Associates,247297,027-218-3750,1991年01月03日
441742,Phasellus In Ltd,191124,010-788-5036,2010年01月11日
446063,Ut Tincidunt Vehicula Corporation,87420,069-821-8516,1993年10月10日
450384,Volutpat LLC,346680,061-886-0931,1992年10月21日
454705,Enim Limited,230013,054-894-7506,2008年10月30日
459026,Risus Corporation,113346,076-861-6488,2015年06月16日
463347,Pretium Et Ltd,372606,049-876-1586,2015年08月01日
467668,Auctor Mauris Vel Corporation,294828,068-350-4190,1994年10月03日
471989,Semper Et Lacinia Corp.,109025,057-899-1028,1998年10月17日
476310,Convallis Dolor Quisque Corporation,286186,059-902-3533,2015年04月04日
480631,Odio Vel Est Ltd,424458,042-792-8450,2015年05月09日
484952,Mauris Non Dui LLC,433100,024-634-7273,2015年12月07日
489273,Neque Associates,268902,043-490-5752,2013年04月22日
493594,Iaculis Enim Sit Company,376927,065-019-5749,1994年01月30日
497915,Cras Interdum Nunc LLP,338038,041-457-4521,1993年03月22日
502236,Montes Nascetur Ridiculus Institute,402853,002-517-0535,2013年12月01日
506557,Volutpat Nunc LLC,493594,035-129-5368,2005年04月22日
510878,Nonummy Institute,143593,075-408-0143,2010年02月23日
515199,Interdum Ltd,411495,043-460-7033,2004年03月06日
519520,Mauris Consulting,454705,085-999-7793,2013年06月25日
523841,Metus Vitae Ltd,333717,097-701-5881,1991年08月17日
528162,Imperdiet Dictum Magna Corp.,242976,084-758-2349,2001年03月17日
532483,Tristique Ac PC,294828,032-086-2038,2013年01月10日
536804,Vel Arcu Industries,376927,053-800-9603,1991年01月07日
541125,Ut Nisi A Corp.,450384,019-861-9275,2011年04月23日
545446,Libero Ltd,346680,094-988-7670,1992年02月26日
549767,Lorem Ipsum Dolor Ltd,363964,004-620-4045,2015年02月19日
554088,A Purus Inc.,121988,050-840-1443,2001年01月03日
558409,Erat Semper Industries,554088,032-528-8984,1994年09月13日
562730,Turpis Aliquam Adipiscing Institute,398532,042-061-4403,2011年10月24日
567051,Ac LLP,415816,001-678-1562,2002年07月25日
571372,Fames Ac Foundation,562730,045-159-4663,2007年11月15日
575693,Ipsum Leo PC,389890,047-046-9554,2007年04月20日
580014,Mollis Lectus Pede Industries,567051,039-322-6466,1995年10月29日
584335,Magna Lorem Company,320754,004-846-5349,2008年10月17日
588656,Parturient Montes Nascetur Inc.,476310,093-953-1979,1999年11月11日
592977,Aenean Eget Incorporated,545446,049-027-8630,2013年02月04日
597298,Mus Aenean Eget Limited,545446,079-790-3116,2003年03月11日
601619,Id Mollis Company,437421,022-344-3998,1990年12月13日
605940,Ligula Inc.,273223,074-719-2266,2002年11月03日
610261,Faucibus Orci Luctus Associates,299149,020-538-4466,2011年08月08日
614582,Mattis LLP,121988,088-583-1882,2001年08月25日
618903,Sit Amet LLC,536804,022-333-6894,1998年10月14日
623224,Non LLP,320754,061-451-8423,1994年11月30日
627545,Suspendisse Industries,195445,051-681-7341,1997年04月17日
631866,Sagittis Associates,385569,071-447-8185,2009年12月19日
636187,Nunc Inc.,109025,060-247-4817,2008年07月31日
640508,Diam Ltd,316433,074-019-8952,1996年06月27日
644829,Et Magnis Dis Foundation,134951,033-455-7803,2010年04月01日
649150,Sed Company,281865,022-884-3443,1992年06月24日
653471,Consectetuer Ipsum Nunc Ltd,467668,034-867-2642,1995年04月13日
657792,Dapibus Gravida Institute,290507,001-826-0539,2003年05月06日
662113,Egestas Industries,467668,013-518-3757,2019年05月06日
666434,Erat Eget Incorporated,342359,013-546-9540,2007年03月25日
670755,Et Nunc LLP,554088,099-269-2103,2002年01月21日
675076,Nunc Mauris Sapien LLP,100383,099-263-9456,2010年08月06日
679397,Enim Consulting,497915,075-207-2883,1997年09月08日
683718,Vitae Incorporated,636187,027-714-4133,2002年08月19日
688039,Sed Tortor Foundation,666434,020-482-2041,1998年03月31日
692360,Nullam Feugiat Placerat Associates,316433,035-275-2353,2014年09月19日
696681,Nunc Commodo Auctor Industries,264581,051-809-4148,2015年04月07日
701002,Nibh Donec Consulting,459026,063-690-1065,2015年04月13日
705323,Vehicula Risus Nulla Corp.,402853,061-160-1561,1993年02月12日
709644,Quisque Nonummy PC,683718,003-359-7526,2013年12月25日
713965,Dolor Elit Pellentesque LLC,584335,058-224-4254,1992年05月13日
718286,Libero Et Tristique Institute,186803,085-741-5216,2001年10月20日
722607,Neque Et PC,519520,017-370-6082,2012年09月21日
726928,Vel Quam Industries,610261,076-821-0787,1997年02月07日
731249,Fringilla Inc.,601619,080-547-4136,2006年03月11日
735570,Lectus Justo Institute,597298,083-370-1786,2010年11月26日
739891,Mauris Morbi LLP,726928,015-599-9573,2005年12月20日
744212,Lectus Pede Et LLC,623224,071-090-6231,2007年04月25日
748533,Eros Nec Tellus Incorporated,649150,087-721-9849,2013年11月24日
752854,Dui Fusce Limited,618903,016-472-1878,2003年01月09日
757175,Convallis Erat Eget LLP,675076,053-289-2813,1997年10月10日
761496,Augue Corporation,195445,019-151-8289,2010年09月16日
765817,Sit Inc.,597298,062-854-2450,2017年06月04日
770138,Et Rutrum Eu Corporation,722607,099-147-6545,2007年11月02日
774459,Cras Limited,31247,039-429-0772,2015年05月15日
778780,Nisi Incorporated,510878,093-712-3385,2019年10月31日
783101,Risus Duis Limited,420137,060-811-7386,2005年05月09日
787422,Eros Nec Tellus Ltd,701002,014-002-9491,1995年01月03日
791743,Augue Ac Ipsum Industries,428779,073-734-3924,2002年12月06日
796064,Porttitor Vulputate Limited,705323,072-555-1823,1999年03月08日
800385,Curabitur Ut Odio Incorporated,394211,027-622-5249,2000年10月02日
804706,Et Tristique Industries,657792,093-644-1879,2005年07月26日
809027,Amet Inc.,441742,012-589-8714,2007年10月06日
813348,Sit Limited,130630,082-920-6689,2000年02月03日
817669,Curae Corp.,744212,096-939-9887,2004年04月25日
821990,Nibh Lacinia Institute,506557,089-426-0935,1996年11月10日
826311,Orci Lobortis Inc.,446063,078-451-4047,2016年10月27日
830632,A Enim Suspendisse Consulting,359643,089-472-5018,1994年01月28日
834953,Non Company,657792,021-909-2676,2019年12月10日
839274,Odio Tristique Pharetra Institute,791743,096-452-2165,2019年04月20日
843595,Mauris Aliquam LLC,415816,021-193-0152,2008年06月09日
847916,Vulputate Posuere Vulputate Institute,363964,097-271-9227,1999年07月01日
852237,Aliquet LLC,843595,085-357-8078,2007年02月23日
856558,Tellus Inc.,558409,047-178-9004,1999年11月05日
860879,At Arcu Limited,770138,090-045-0973,2010年02月07日
865200,Interdum Enim Non Corp.,696681,099-171-7960,1998年06月05日
869521,Vestibulum Lorem Incorporated,225692,069-540-0330,2013年09月21日
873842,Nunc Industries,830632,078-279-9928,2007年02月12日
878163,Donec Sollicitudin Ltd,182482,032-266-7837,2000年11月25日
882484,Phasellus In Felis Corporation,787422,087-739-7633,2019年07月17日
886805,Et Euismod Et Incorporated,718286,088-997-7880,2018年08月30日
891126,Vel Turpis Aliquam Corp.,459026,076-380-7043,2017年11月24日
895447,Eget Associates,601619,071-938-2915,1994年02月18日
899768,Vulputate Dui Nec Ltd,770138,022-296-6129,1992年12月05日
904089,Primis In Consulting,191124,058-679-8821,1991年12月14日
908410,Nibh Consulting,765817,009-681-4683,2011年04月19日
912731,Nulla Incorporated,670755,011-178-1587,1994年06月17日
917052,Adipiscing Non Luctus Industries,653471,017-786-1446,2011年04月12日
921373,Phasellus Dapibus Corp.,355322,000-834-3235,2007年08月06日
925694,Duis Elementum Dui Limited,666434,066-242-7818,1996年02月28日
930015,Quam Vel LLC,675076,015-067-8449,1996年08月01日
934336,Nisl Nulla Eu Associates,826311,019-716-8595,2018年03月26日
938657,Dictum Eu Eleifend Institute,921373,079-871-5551,2014年11月29日
942978,Arcu Vestibulum Limited,653471,037-124-5444,1999年05月09日
947299,Sodales Purus In Incorporated,286186,005-252-6159,2020年06月27日
951620,Ullamcorper Corp.,895447,044-300-7676,1995年11月10日
955941,Proin Nisl Sem Incorporated,549767,003-740-4739,2011年01月05日
960262,In Institute,580014,076-535-3634,1994年03月30日
964583,Donec Tempus Lorem Inc.,636187,059-704-2830,1997年01月17日
968904,Morbi Ltd,281865,030-184-6481,2006年07月16日
973225,Maecenas Ornare Egestas Limited,394211,017-646-4831,2016年12月11日
977546,Aenean Eget Industries,744212,022-676-2484,2007年04月13日
981867,Vestibulum Ante Foundation,549767,004-784-2250,2010年12月25日
986188,Nam Interdum Institute,230013,007-184-1243,1996年03月03日
990509,Eu Tellus Phasellus LLP,260260,074-604-9978,1993年12月10日
994830,Rhoncus Donec Corporation,878163,080-845-6203,2008年12月21日
999151,Quis Corporation,873842,062-957-7828,1995年11月01日
1003472,Interdum Foundation,934336,022-234-8519,2012年07月06日
1007793,Adipiscing Non Luctus Limited,899768,062-540-8129,2012年01月11日
1012114,Cras LLP,351001,061-136-2817,2013年02月22日
1016435,Cras Ltd,446063,038-323-3005,2014年05月21日
1020756,Odio Nam Institute,709644,066-040-1337,2004年07月31日
1025077,Lacus LLC,484952,032-240-2935,2018年06月18日
1029398,Felis Consulting,947299,079-804-5487,2011年03月07日
1033719,Ultricies Ornare Elit Foundation,225692,022-886-6090,2006年02月22日
1038040,Consequat Enim Diam Corp.,398532,031-525-0824,2007年06月15日
1042361,Luctus Felis Purus Industries,735570,029-601-6057,2019年11月04日
1046682,Orci Company,312112,075-586-1692,2002年03月24日
1051003,Aenean Massa Integer Consulting,1046682,064-641-4283,2000年02月13日
1055324,Et Company,942978,006-324-6762,2008年11月13日
1059645,Et Consulting,558409,003-096-6922,2009年11月07日
1063966,Mauris Industries,312112,088-354-3385,2016年08月12日
1068287,Tincidunt Corp.,480631,004-870-5948,1996年09月05日
1072608,Fringilla Ornare Incorporated,368285,044-871-0579,2009年10月25日
1076929,Interdum Sed Auctor Incorporated,623224,078-394-4449,2000年02月15日
1081250,A Arcu Corporation,722607,013-144-1091,2006年08月05日
1085571,Libero Proin Institute,826311,097-352-7378,2016年03月22日
1089892,Dolor Corporation,428779,068-285-5419,2015年12月14日
1094213,Sit Amet Consectetuer Consulting,489273,008-244-1589,2015年02月27日
1098534,Elit Company,839274,068-005-9838,1998年04月20日
1102855,Massa Consulting,325075,030-859-5107,2005年05月15日
1107176,Donec LLC,368285,076-074-6092,1997年02月18日
1111497,Non LLC,960262,057-786-7789,1996年08月21日
1115818,Consectetuer Adipiscing Elit Associates,925694,085-186-9828,2005年06月26日
1120139,Eget Magna Industries,921373,099-779-3431,2003年03月16日
1124460,Facilisi Sed Industries,999151,052-072-7991,2000年12月12日
1128781,Non Dapibus Industries,809027,042-370-2024,2000年10月21日
1133102,Fusce Fermentum Industries,964583,064-590-4245,2020年10月22日
1137423,In Ornare Company,774459,068-921-2615,2015年05月31日
1141744,Vitae LLC,290507,056-487-7087,2006年05月04日
1146065,Molestie Dapibus Ligula Consulting,800385,058-952-8767,2018年02月12日
1150386,Lobortis Quam Ltd,510878,007-356-7360,2009年01月27日
1154707,A Felis Ullamcorper LLP,778780,047-741-2108,2000年09月28日
1159028,Et Lacinia Vitae Corp.,817669,013-849-2989,2007年09月16日
1163349,Tempor Incorporated,670755,059-862-8024,1997年04月19日
1167670,Natoque Consulting,964583,055-772-9322,1999年12月05日
1171991,Nec Industries,575693,084-276-8226,2010年12月01日
1176312,Semper Et Lacinia Incorporated,1163349,034-023-6215,1998年06月13日
1180633,Ornare Libero Ltd,1171991,057-062-7435,2007年01月18日
1184954,Neque Venenatis Lacus LLP,1081250,062-423-8699,2016年11月20日
1189275,Litora Torquent Per Incorporated,925694,084-274-9499,2011年12月18日
1193596,Fringilla Euismod LLC,1029398,049-106-6795,2019年12月29日
1197917,Risus Company,852237,000-803-1856,1996年06月10日
1202238,Volutpat Foundation,463347,053-474-5375,1997年11月28日
1206559,Rhoncus Institute,1085571,091-697-0704,2004年07月13日
1210880,Nunc Ac LLC,1016435,084-464-7416,2009年11月16日
1215201,Morbi Accumsan Corp.,74457,035-551-4789,1992年07月18日
1219522,Odio Etiam Corp.,800385,060-487-2543,2015年03月28日
1223843,Id LLP,1159028,063-573-5286,1992年05月13日
1228164,Risus Corp.,852237,085-917-8830,2014年05月23日
1232485,Ut Corp.,1068287,054-916-1247,2002年01月12日
1236806,Integer Sem Associates,731249,000-037-1847,2001年09月09日
1241127,Sapien Gravida Incorporated,1051003,007-184-5965,1993年09月16日
1245448,Parturient Montes Nascetur Institute,1038040,096-919-2049,1997年10月05日
1249769,Tristique Pellentesque Corp.,536804,095-490-5154,2004年11月28日
1254090,Velit Egestas Lacinia Limited,277544,033-129-0326,1995年09月29日
1258411,Integer Corp.,856558,066-789-2624,2018年03月16日
1262732,Eu Eros Nam Industries,437421,040-758-6360,2016年12月30日
1267053,Non Hendrerit Ltd,986188,006-486-0128,2012年12月13日
1271374,Fusce Institute,938657,025-595-0527,2017年03月10日
1275695,Pellentesque Eget Consulting,904089,089-845-3694,1991年10月08日
1280016,Nunc Mauris Sapien LLC,1146065,027-970-5660,2002年08月09日
1284337,Rutrum Urna Nec Limited,968904,041-453-0851,2004年10月24日
1288658,Placerat Velit Quisque Corp.,821990,002-853-0484,1997年12月01日
1292979,Fermentum Vel Mauris LLC,1219522,089-514-6335,2008年11月04日
1297300,Bibendum Institute,774459,003-048-3069,2002年01月25日
1301621,Augue Sed Molestie LLC,178161,032-868-6406,1990年12月01日
1305942,Nunc Incorporated,1202238,021-619-4974,2018年07月20日
1310263,A Malesuada Limited,407174,028-539-7257,1998年05月03日
1314584,Arcu Limited,683718,076-136-1204,1995年02月07日
1318905,Interdum Enim Non LLC,515199,014-646-8739,1999年05月24日
1323226,Ac Corp.,571372,067-420-3883,2012年09月13日
1327547,Hendrerit Corp.,1085571,065-161-0007,2001年05月18日
1331868,Pellentesque Incorporated,713965,031-323-2848,1994年08月14日
1336189,Nascetur Company,726928,008-952-4312,2004年07月16日
1340510,Egestas LLC,407174,092-364-4384,1998年06月03日
1344831,Sapien Imperdiet Associates,1340510,044-149-0569,2001年05月15日
1349152,Sed Dictum Foundation,705323,079-187-0253,2015年07月15日
1353473,Dictum Consulting,605940,058-578-5823,2002年06月29日
1357794,Vestibulum LLP,1141744,001-329-2671,2015年01月08日
1362115,In Associates,973225,082-491-5515,1999年07月14日
1366436,Convallis Dolor Corp.,942978,060-288-3050,2015年07月18日
1370757,Interdum Corporation,1267053,059-384-7682,1991年08月12日
1375078,Sodales Mauris Associates,1284337,054-256-1363,2002年02月15日
1379399,Sit Amet Consectetuer PC,78778,092-084-4212,2020年02月11日
1383720,Purus Gravida Company,731249,075-900-1054,1992年07月15日
1388041,Aenean Gravida LLC,713965,042-549-7476,1992年01月20日
1392362,Pellentesque Corporation,739891,071-631-7831,2020年09月24日
1396683,Urna Vivamus Consulting,1046682,065-369-8520,2012年01月24日
1401004,Hendrerit Donec Limited,869521,050-971-7445,2007年04月14日
1405325,Justo Corp.,234334,074-023-0452,2003年06月19日
1409646,Imperdiet PC,571372,081-645-9605,2003年01月27日
1413967,Aliquam Ultrices LLC,463347,085-435-5696,1997年08月07日
1418288,Velit In Industries,351001,033-565-9034,1992年05月08日
1422609,Libero Corp.,882484,065-874-7680,2004年05月06日
1426930,Est Limited,1003472,006-112-8950,2013年10月07日
1431251,Vitae Purus PC,1076929,077-603-6494,2001年12月01日
1435572,Tellus Inc.,947299,094-857-1587,1991年06月02日
1439893,Massa Ltd,955941,018-544-3650,2005年02月21日
1444214,Eu Ltd,791743,007-481-6247,2017年06月14日
1448535,Magna Malesuada Vel Corporation,493594,036-817-3164,1997年08月03日
1452856,Auctor Corporation,1171991,030-514-1814,1999年11月21日
1457177,Tellus Faucibus Institute,618903,073-079-5063,2006年03月27日
1461498,Arcu Sed Eu Corporation,1452856,026-879-5079,2010年07月18日
1465819,Nullam Enim Sed Incorporated,1154707,001-668-4616,2007年11月23日
1470140,Morbi Sit Company,1418288,090-254-7363,2013年04月26日
1474461,Lectus Company,1310263,038-884-1973,2005年08月22日
1478782,Sociosqu Ad Ltd,1193596,098-947-2615,2008年03月27日
1483103,Ipsum Institute,1375078,041-438-3122,2000年02月01日
1487424,Duis Cursus Associates,1405325,000-327-4113,2001年09月23日
1491745,Vivamus Ltd,1202238,098-149-9946,1995年06月14日
1496066,Mi Eleifend Corp.,692360,009-514-3130,1995年08月06日
1500387,Non Quam Pellentesque Ltd,735570,077-527-3295,2002年04月14日
1504708,Lacinia Sed LLP,450384,049-826-2017,2016年09月01日
1509029,Erat Company,1146065,048-538-5873,1991年07月04日
1513350,Donec Egestas Aliquam Corporation,1409646,021-069-9372,2006年04月16日
1517671,Sit Amet LLC,480631,084-689-7865,2014年03月06日
1521992,Egestas LLP,1219522,096-453-1483,2015年08月13日
1526313,Orci Company,1422609,002-116-1168,1990年11月08日
1530634,Pellentesque Corp.,1262732,074-449-7669,2017年05月25日
1534955,Curae Incorporated,813348,014-886-7340,2018年01月23日
1539276,Fringilla Ltd,1228164,070-636-1995,1999年10月26日
1543597,Magna Phasellus Dolor Industries,1007793,066-731-4776,1995年02月22日
1547918,Sed LLP,709644,091-700-6482,1991年10月25日
1552239,In Tempus Eu Consulting,1392362,064-185-5070,2008年10月21日
1556560,Tortor Nunc Ltd,1094213,002-141-0843,2011年06月20日
1560881,Ipsum Primis In Incorporated,1521992,019-848-5942,2010年05月22日
1565202,Per Corporation,696681,011-784-2618,2016年12月24日
1569523,Et PC,1552239,011-503-7698,2007年09月14日
1573844,Est Consulting,981867,002-772-5403,1995年09月21日
1578165,Pede Praesent Ltd,1133102,055-473-6454,2004年12月31日
1582486,Urna Nec Institute,968904,044-465-8133,2008年01月21日
1586807,Dis Parturient Corp.,1098534,067-516-0362,2009年09月07日
1591128,Metus Urna Convallis Consulting,575693,040-533-7148,2001年04月17日
1595449,In Corp.,1331868,003-052-2964,2020年04月08日
1599770,Malesuada Augue Ut Associates,1465819,009-010-4657,2003年04月27日
1604091,Ac Metus Incorporated,856558,089-062-7647,1998年01月04日
1608412,Mauris Suspendisse LLC,1362115,040-920-8100,2013年12月28日
1612733,Et Industries,1327547,087-286-9635,2004年11月07日
1617054,Dictum Sapien Associates,631866,008-271-6750,2005年02月08日
1621375,Vehicula Et Corporation,1102855,028-034-0584,2005年01月19日
1625696,Eleifend Cras Sed LLC,701002,001-804-7450,2018年01月29日
1630017,Donec Sollicitudin Adipiscing PC,739891,042-167-6407,2020年08月26日
1634338,Enim Associates,999151,064-715-1120,2012年07月17日
1638659,Felis Ullamcorper LLP,562730,090-873-8650,1993年11月05日
1642980,Fringilla Industries,1521992,092-182-7042,2019年01月07日
1647301,Metus Vivamus Euismod Corp.,454705,012-872-1957,2012年11月07日
1651622,Phasellus Libero Mauris PC,1133102,063-568-2341,2000年10月05日
1655943,Lacinia Orci Consectetuer Foundation,765817,006-574-6853,2012年02月09日
1660264,Sem Consulting,917052,017-332-3568,2011年10月26日
1664585,Sit Amet Risus Incorporated,869521,074-944-6793,1999年09月19日
1668906,Et PC,588656,030-356-0557,2011年07月29日
1673227,Nulla Eu Ltd,325075,026-126-3140,2019年09月17日
1677548,Neque Nullam Nisl Corp.,1267053,004-318-4505,2011年09月29日
1681869,Nec Malesuada Ut Institute,640508,023-518-4122,1998年10月19日
1686190,Erat Consulting,977546,036-175-4267,2002年07月13日
1690511,Molestie Industries,476310,000-932-5550,1995年11月05日
1694832,Nec Mauris Blandit Company,1379399,028-183-3992,2017年05月14日
1699153,Aliquam Inc.,1474461,053-642-0364,2016年03月28日
1703474,Nibh PC,1344831,076-942-9487,2019年03月16日
1707795,Viverra Maecenas Associates,1642980,058-669-3821,2017年03月07日
1712116,Ornare Corp.,433100,057-035-2854,2019年05月19日
1716437,Neque Inc.,1431251,081-540-6064,1992年11月27日
1720758,Vestibulum Nec Ltd,523841,008-947-2746,2015年11月28日
1725079,Id Institute,692360,036-516-8008,2001年03月16日
1729400,Blandit Viverra Associates,1258411,060-511-8570,1997年09月18日
1733721,Gravida Mauris Ut Inc.,783101,012-129-5969,2012年03月18日
1738042,Sem Foundation,1465819,061-535-4622,2020年09月29日
1742363,Mus Aenean Eget Institute,1107176,088-907-4831,2004年01月20日
1746684,Aliquam Adipiscing Lobortis Ltd,1327547,022-868-4615,2000年09月09日
1751005,Curabitur Vel Lectus Institute,1547918,068-789-4411,2006年02月18日
1755326,Ac Foundation,813348,037-949-8349,2017年10月12日
1759647,A Industries,1599770,004-132-8638,2000年06月06日
1763968,Dictum Eleifend Nunc Corporation,631866,019-616-7096,2006年04月11日
1768289,Nulla In Associates,1038040,006-530-8846,2016年08月20日
1772610,Enim Incorporated,1630017,011-649-2576,2006年01月30日
1776931,Libero Proin Mi Company,1396683,024-493-5081,2001年04月06日
1781252,Quisque Porttitor Industries,1457177,073-910-0137,2007年04月18日
1785573,Morbi Metus Vivamus Corp.,489273,079-460-9982,2013年08月16日
1789894,Elit Corp.,1552239,042-830-5960,1999年07月26日
1794215,Mauris LLP,1733721,023-532-1822,1997年04月30日
1798536,Donec Foundation,1716437,045-999-8791,2002年04月21日
1802857,Donec Non Company,1370757,023-896-6729,2020年05月27日
1807178,Accumsan Interdum LLP,1500387,064-375-6528,2004年08月03日
1811499,Tristique Inc.,208408,017-043-0862,2008年12月14日
1815820,Lacus Quisque Purus Incorporated,389890,005-140-5228,1991年03月04日
1820141,Interdum Enim Non Industries,255939,053-865-2546,2015年11月19日
1824462,Purus LLP,610261,083-837-0458,2002年09月27日
1828783,Egestas Urna Justo PC,1556560,084-544-7767,2006年06月02日
1833104,Pretium Foundation,1262732,085-929-0970,2004年05月01日
1837425,Metus Aenean Sed Corporation,1431251,014-815-1194,2019年10月20日
1841746,Cursus Institute,515199,073-719-2696,2011年07月22日
1846067,Justo Nec Ante PC,592977,058-988-6809,2001年09月03日
1850388,Arcu Morbi Corp.,1275695,088-773-9026,2000年01月03日
1854709,Ridiculus Mus Incorporated,1249769,014-473-8199,2017年03月01日
1859030,Vel Pede Blandit Corporation,1288658,096-207-9763,1994年08月19日
1863351,Feugiat Tellus PC,938657,039-528-1391,2009年09月03日
1867672,Aenean Eget Corporation,1439893,019-769-1025,2009年03月28日
1871993,Lorem Corporation,381248,004-783-3636,2017年10月23日
1876314,Rutrum Ltd,1608412,081-779-8060,2013年02月14日
1880635,Tellus Foundation,1751005,017-105-7441,2011年01月18日
1884956,Integer Vulputate Ltd,411495,048-669-9227,1999年02月28日
1889277,Velit Cras Lorem LLP,821990,014-353-2668,1996年10月03日
1893598,Nam Ligula Corp.,1846067,039-712-4412,2007年01月02日
1897919,Aliquam Company,1159028,071-535-5095,1999年03月29日
1902240,Duis Cursus Diam LLC,1487424,080-670-5675,2016年03月10日
1906561,Auctor Company,1184954,083-211-9175,1991年08月24日
1910882,Orci Quis Foundation,1504708,027-423-0145,2013年03月24日
1915203,Auctor Vitae Aliquet LLC,424458,056-079-0302,2019年11月10日
1919524,Et Foundation,1063966,052-185-8431,2010年03月01日
1923845,Libero Corp.,385569,020-645-0834,2003年07月26日
1928166,Nam Institute,1621375,036-337-8671,1992年08月24日
1932487,Convallis Industries,1919524,042-408-5508,1992年01月13日
1936808,Feugiat Non Lobortis Company,1305942,041-306-0799,1995年12月01日
1941129,Quisque Imperdiet Foundation,783101,076-328-9969,2013年03月28日
1945450,Amet Massa Quisque PC,1504708,078-549-4884,2015年11月13日
1949771,Iaculis Enim Corp.,1197917,067-858-3986,1995年07月18日
1954092,Elit Aliquam LLC,1725079,021-069-8062,1992年03月13日
1958413,Elementum Dui LLP,1275695,074-526-2748,2008年11月05日
1962734,Dolor Elit LLC,1063966,074-925-2617,1996年09月17日
1967055,Dignissim Incorporated,1707795,011-575-4405,2019年04月17日
1971376,Ullamcorper Consulting,955941,014-835-6628,2012年10月13日
1975697,Odio Incorporated,1859030,097-263-9663,2016年03月08日
1980018,Mauris Consulting,1517671,055-157-7569,2010年01月18日
1984339,Est Company,1241127,012-662-4773,2005年01月01日
1988660,Libero Et Company,1893598,012-075-2480,1993年07月31日
1992981,Tellus Phasellus Elit Corp.,1223843,027-508-3320,2009年11月30日
1997302,Magna Duis Ltd,1094213,089-008-4311,2010年12月05日
2001623,Dolor Egestas Rhoncus Industries,1984339,036-856-5513,1998年06月09日
2005944,Viverra Maecenas Iaculis Industries,1349152,011-821-0969,1995年02月04日
2010265,Ridiculus LLP,1029398,068-038-0359,2002年10月15日
2014586,Magna Nec Corporation,1452856,004-963-0166,1993年01月25日
2018907,Tristique Senectus Et PC,1539276,094-886-2411,2013年07月08日
2023228,Tincidunt Foundation,1042361,006-507-4220,2011年12月31日
2027549,Vestibulum Ante Industries,1582486,042-312-1754,2014年03月07日
2031870,Tellus LLC,1815820,033-704-0944,2017年09月18日
2036191,Nulla Cras Industries,1314584,047-881-3950,2019年11月20日
2040512,Molestie Company,1388041,005-232-7332,1995年08月22日
2044833,Odio Auctor PC,1738042,013-618-4418,1995年07月20日
2049154,Ipsum Dolor Sit Ltd,1478782,023-110-8589,2014年02月27日
2053475,Nulla Interdum Limited,1755326,029-134-6161,1999年09月06日
2057796,Aliquam Erat Volutpat Inc.,1863351,066-883-4144,1994年04月04日
2062117,Massa Integer Vitae Ltd,951620,040-942-7789,2013年12月23日
2066438,Feugiat Limited,1444214,093-904-8920,1993年09月27日
2070759,Consequat Lectus Institute,1388041,089-407-8370,1992年03月29日
2075080,Nulla Donec Non LLP,1180633,037-859-9804,2013年01月15日
2079401,Nec Mauris Consulting,930015,034-290-1937,1995年12月19日
2083722,Arcu Institute,1859030,080-118-6866,1998年01月12日
2088043,Cras Dictum Ultricies Ltd,986188,090-916-3811,2013年02月03日
2092364,Ultricies Adipiscing Industries,1051003,085-994-6753,1997年02月15日
2096685,Vulputate Eu Odio Corp.,1012114,076-583-9967,1997年02月26日
2101006,Aliquam Arcu PC,1992981,053-100-9587,2003年04月27日
2105327,Dignissim Pharetra Nam Ltd,1949771,074-356-3405,2015年04月07日
2109648,Lorem Associates,580014,043-077-4772,2005年04月30日
2113969,Sollicitudin Commodo Ltd,1258411,043-181-5384,1997年08月13日
2118290,Nullam Institute,1016435,002-870-0454,2003年06月20日
2122611,Non Massa Foundation,1461498,015-922-6991,1993年05月29日
2126932,Lacinia Institute,1280016,068-036-3825,2018年12月25日
2131253,Posuere Vulputate Corporation,130630,087-334-1724,2001年10月02日
2135574,Et Libero Foundation,1409646,025-107-9131,2014年12月23日
2139895,A Malesuada Id LLC,1768289,078-969-8441,2002年05月31日
2144216,Faucibus Limited,1962734,007-110-5611,2003年11月15日
2148537,Luctus Felis Purus Consulting,778780,047-391-7656,2013年02月05日
2152858,Nulla Integer Ltd,1712116,083-085-4702,2014年01月31日
2157179,Arcu Vestibulum Corporation,2023228,068-308-7949,1997年08月05日
2161500,Pellentesque Habitant Morbi PC,1478782,036-674-0863,2018年05月19日
2165821,Fermentum Fermentum Arcu Corporation,342359,029-948-4078,2002年10月10日
2170142,Purus Inc.,1755326,005-253-5410,1999年03月12日
2174463,Ligula Elit Corp.,1759647,088-511-3132,1997年12月15日
2178784,Sed Molestie Sed Consulting,1223843,008-428-7828,1991年10月31日
2183105,Eu Foundation,2122611,001-629-1697,1995年08月11日
2187426,Ut Industries,441742,061-229-1607,2003年04月01日
2191747,Elementum Dui Industries,1331868,042-583-2335,1996年01月29日
2196068,Ut Company,994830,083-692-8025,2014年11月21日
2200389,Sollicitudin Corporation,1344831,055-041-8968,1992年08月25日
2204710,Morbi Quis Urna LLC,541125,024-027-9331,2017年03月14日
2209031,Ornare Lectus Foundation,420137,062-367-8752,2000年08月18日
2213352,Mauris Corporation,2209031,095-586-6353,1991年07月22日
2217673,Consequat Nec Institute,1115818,014-598-1833,2008年06月13日
2221994,Donec LLP,1919524,008-924-2036,2017年12月21日
2226315,Varius Consulting,981867,001-094-2113,2018年11月02日
2230636,Integer Sem Elit Associates,640508,049-917-4953,2016年07月11日
2234957,Elit Dictum Associates,1776931,040-860-2836,1994年10月13日
2239278,Feugiat Tellus Lorem LLP,1772610,058-771-7990,2020年05月24日
2243599,Tincidunt Nunc Consulting,2148537,029-345-5725,2002年07月10日
2247920,Egestas Lacinia Consulting,2066438,052-724-5247,2000年08月22日
2252241,Sed Limited,2170142,073-362-2788,1992年07月13日
2256562,Neque Nullam Ltd,2131253,093-746-7843,1997年11月21日
2260883,Velit Aliquam LLC,899768,059-979-8514,1992年03月13日
2265204,Mauris Aliquam Eu Incorporated,1301621,055-879-7160,2018年06月04日
2269525,Diam At Pretium Corporation,1120139,062-863-0727,1993年06月19日
2273846,Nunc Limited,497915,087-221-4662,2006年12月16日
2278167,Nascetur Ridiculus Corp.,1599770,067-694-0184,2013年01月30日
2282488,Accumsan Laoreet Ipsum Consulting,1301621,009-739-0494,2011年03月21日
2286809,Odio Phasellus LLC,1154707,081-246-1861,2020年09月05日
2291130,Eu Metus Corporation,662113,061-981-9174,1993年11月06日
2295451,At Corp.,1789894,096-473-4520,2003年01月02日
2299772,Ullamcorper Duis Company,2083722,027-234-1463,1998年12月31日
2304093,Erat Eget Ipsum LLP,1483103,054-270-7743,2004年07月06日
2308414,Velit Corporation,662113,092-447-1329,2014年06月10日
2312735,Nunc Mauris PC,2005944,074-099-6108,1998年09月27日
2317056,Ac Mattis Consulting,1107176,055-066-0123,2019年02月11日
2321377,Cras Dolor Dolor LLP,1180633,071-523-3634,2012年09月22日
2325698,Elit Nulla Facilisi LLP,2075080,002-714-8334,2010年05月12日
2330019,Integer Mollis Company,1742363,061-178-8626,2007年12月08日
2334340,Placerat Augue Incorporated,1068287,063-542-0061,2002年08月05日
2338661,Orci Phasellus Dapibus Foundation,1042361,089-519-3236,2001年06月16日
2342982,Non Lorem Vitae Consulting,1841746,014-237-1698,1999年05月21日
2347303,Metus Incorporated,1271374,045-706-8622,2002年05月09日
2351624,Nec LLC,1565202,045-383-1022,2004年04月26日
2355945,Tempus Mauris Inc.,1932487,061-048-5966,2003年05月02日
2360266,Nullam Lobortis Quam Inc.,1945450,098-539-7289,2008年06月09日
2364587,Nulla At Industries,2031870,087-403-8945,2018年12月05日
2368908,Semper LLC,2213352,060-300-5252,2017年09月14日
2373229,Malesuada Company,2191747,025-622-2742,2010年12月20日
2377550,Praesent Eu Nulla Ltd,2088043,025-692-9133,2020年01月10日
2381871,Morbi Vehicula Pellentesque Consulting,2221994,096-724-9903,2000年02月22日
2386192,Nulla Cras Eu Foundation,1405325,039-765-4077,2000年04月15日
2390513,Sagittis Duis Gravida Associates,1573844,047-860-7305,2009年08月09日
2394834,Elit Associates,860879,067-071-7254,2009年05月16日
2399155,Eu Ltd,1340510,039-014-4885,2001年08月16日
2403476,Lacinia Inc.,1012114,088-110-4460,2008年01月30日
2407797,In Lobortis Tellus Limited,1055324,056-225-4026,2017年12月01日
2412118,Turpis Egestas Fusce Inc.,2070759,048-430-0021,1991年02月17日
2416439,Cras Vehicula Industries,1707795,044-172-0703,1993年01月30日
2420760,Rhoncus Inc.,1323226,016-615-7835,2016年07月02日
2425081,Praesent Eu Incorporated,1292979,023-490-5499,2010年09月05日
2429402,Arcu Associates,2226315,023-524-7534,2003年01月30日
2433723,Enim Sed LLC,519520,029-428-2040,2001年08月16日
2438044,Lacinia Inc.,1906561,051-145-2097,1998年01月29日
2442365,Semper Egestas Urna LLC,1578165,037-949-9370,1993年10月14日
2446686,Condimentum Donec At Corp.,1733721,096-467-3953,1991年01月16日
2451007,Malesuada Incorporated,912731,098-026-5312,2006年08月24日
2455328,Odio Sagittis Corp.,1992981,028-841-1026,2008年01月07日
2459649,Massa Suspendisse Eleifend Incorporated,1124460,078-052-5668,2019年06月13日
2463970,Risus Foundation,614582,015-087-2422,2008年08月12日
2468291,Velit Corporation,2463970,078-278-1100,2018年03月09日
2472612,Aliquam Fringilla Inc.,2096685,041-629-5069,2002年08月23日
2476933,Sodales Nisi LLP,1772610,001-104-4009,2002年07月29日
2481254,Cursus Nunc Mauris Limited,2152858,001-592-5727,2007年03月19日
2485575,Ipsum Company,1837425,000-578-3648,2013年10月13日
2489896,Etiam Ligula Consulting,1271374,048-761-8621,1995年08月28日
2494217,Cras Corp.,2001623,083-780-0561,2016年01月17日
2498538,Praesent PC,1677548,088-862-6438,2003年08月29日
2502859,Arcu Incorporated,951620,044-537-0040,2002年01月01日
2507180,Eget Metus Eu Associates,2394834,093-020-9874,2014年02月06日
2511501,Semper Rutrum Fusce Industries,2485575,096-825-6693,1993年05月30日
2515822,Interdum Ligula Inc.,2381871,040-057-9701,2006年04月13日
2520143,Erat LLP,2321377,033-570-2863,2015年03月05日
2524464,Ligula Aliquam Erat Institute,1375078,024-026-6352,1991年08月06日
2528785,At Velit LLC,1470140,066-787-5126,2010年11月22日
2533106,Erat Nonummy Ultricies Corp.,2226315,020-857-5304,1999年05月06日
2537427,Egestas Nunc Corporation,2455328,024-237-0542,1995年01月11日
2541748,Lorem Industries,1137423,030-506-8798,2018年03月08日
2546069,Nullam Ut Inc.,1193596,059-059-3432,2014年04月16日
2550390,Et Corporation,1820141,036-728-5293,1991年08月01日
2554711,Gravida Ltd,1474461,000-810-7368,2001年01月08日
2559032,Magna Corp.,2252241,037-419-1417,2013年12月10日
2563353,Phasellus LLC,1120139,013-059-5760,2014年11月17日
2567674,Scelerisque Lorem Ipsum Company,1729400,016-300-9922,2006年04月21日
2571995,Euismod Enim Corp.,2351624,057-634-4206,2003年05月26日
2576316,Pede Sagittis Industries,2338661,017-915-0138,2003年03月04日
2580637,Consectetuer Inc.,1655943,038-699-8197,2016年04月12日
2584958,Nunc Nulla Vulputate Consulting,1357794,057-801-4160,2001年11月20日
2589279,Odio Sagittis Consulting,1871993,091-499-3189,1993年02月23日
2593600,Interdum Corporation,2135574,063-221-0022,2007年03月19日
2597921,Nunc Sit Corp.,1967055,038-844-4193,2020年01月07日
2602242,Massa Non Consulting,1980018,006-598-5479,2020年06月19日
2606563,Egestas Fusce Corp.,1867672,088-789-6700,2012年12月31日
2610884,Libero Corporation,1318905,009-448-0938,1993年06月02日
2615205,Mus Proin Vel Consulting,2334340,041-532-4984,1997年10月13日
2619526,Dui Nec Ltd,1530634,074-785-9339,2011年03月20日
2623847,Vel Lectus Foundation,2062117,092-092-6017,1993年02月15日
2628168,Scelerisque Associates,1426930,023-832-0950,1993年01月31日
2632489,Pede Suspendisse Inc.,2468291,098-076-3379,1993年10月17日
2636810,Sed Incorporated,2096685,049-624-1754,2018年04月11日
2641131,Integer LLP,977546,078-298-8519,1993年07月05日
2645452,Nec Urna Industries,804706,005-172-9291,1991年04月15日
2649773,Dictum Mi Institute,2118290,019-221-3251,1999年01月25日
2654094,Donec Porttitor Corp.,960262,098-921-9737,2001年11月01日
2658415,Amet Inc.,2373229,077-462-8518,1998年03月06日
2662736,Id Mollis Corp.,1729400,073-963-1794,1994年10月21日
2667057,Nulla Incorporated,528162,097-908-9172,2016年03月16日
2671378,A Facilisis Non Incorporated,1915203,070-198-9781,2011年05月11日
2675699,Integer Institute,2126932,046-922-5464,2011年01月09日
2680020,Interdum Libero Inc.,1163349,071-865-1528,1995年08月04日
2684341,Aliquam Company,1543597,088-513-9682,1997年03月17日
2688662,Mauris Vel LLP,2537427,028-553-1464,1995年03月20日
2692983,Laoreet Ipsum Curabitur Ltd,1703474,032-974-2902,2014年11月26日
2697304,Odio Nam Interdum LLC,1513350,034-061-8647,2012年07月21日
2701625,Magna Duis Dignissim Incorporated,1565202,037-302-6612,1996年02月09日
2705946,Urna Nullam Lobortis PC,1111497,088-160-6397,2002年04月08日
2710267,Egestas A Ltd,1949771,071-033-8888,2020年01月13日
2714588,Pharetra Company,2105327,031-001-9898,1999年09月14日
2718909,Adipiscing Mauris Molestie Corp.,2688662,076-777-5351,1999年12月28日
2723230,Tellus Incorporated,2040512,031-049-6415,2016年03月12日
2727551,Fusce Mollis Duis Associates,1007793,059-908-8546,2005年12月24日
2731872,Quam Limited,1751005,098-883-3780,2015年12月27日
2736193,Tellus Aenean Incorporated,1625696,065-658-1406,1997年07月29日
2740514,Rutrum Eu Ultrices Associates,2645452,012-700-5808,2018年01月21日
2744835,Curae Phasellus Ornare Limited,2554711,022-852-1657,2010年03月31日
2749156,Morbi Non Sapien Limited,2433723,077-198-0246,2015年12月26日
2753477,Ut Tincidunt Inc.,1863351,088-524-5045,2000年10月17日
2757798,Turpis Egestas Limited,1509029,023-236-7491,2014年10月13日
2762119,Sed Company,1288658,087-745-6011,2001年10月17日
2766440,Facilisis Eget PC,934336,001-216-0790,2019年11月06日
2770761,Elementum Purus Accumsan LLC,1781252,090-385-2093,2012年02月19日
2775082,Dignissim Pharetra Nam Inc.,2684341,024-639-8770,2001年06月26日
2779403,Ultricies Ligula Foundation,1470140,051-099-5209,2000年03月25日
2783724,Orci Donec Incorporated,1137423,084-548-6055,2018年01月25日
2788045,Suspendisse Non Leo Industries,1807178,014-900-9618,1992年02月21日
2792366,Cras Corp.,523841,060-006-6662,1997年01月14日
2796687,Aenean Euismod Mauris Corporation,2161500,074-804-0739,2019年04月28日
2801008,Phasellus Foundation,1971376,068-925-8235,2007年08月05日
2805329,Aliquet Corporation,2554711,060-221-3669,1992年08月01日
2809650,Aenean Eget Metus Corporation,878163,099-950-1046,2001年03月12日
2813971,Erat PC,1871993,088-738-8942,1996年12月18日
2818292,Interdum LLP,2632489,043-980-3034,1998年09月18日
2822613,Faucibus Orci Corp.,605940,022-709-6833,2019年07月12日
2826934,Adipiscing Elit LLC,1932487,052-960-0565,2015年08月02日
2831255,Etiam Industries,186803,035-867-4655,2018年04月04日
2835576,Arcu Vel PC,1184954,026-558-3640,2012年02月19日
2839897,Orci Lacus Vestibulum Institute,484952,074-117-2718,2012年05月28日
2844218,Gravida Mauris Ut LLC,2364587,009-687-6513,2009年05月06日
2848539,Malesuada Fringilla Est Incorporated,2451007,087-676-1267,1999年12月12日
2852860,Nullam Nisl Ltd,1763968,017-892-4782,2000年12月16日
2857181,Volutpat Ornare Facilisis Ltd,1798536,002-510-3097,1998年02月09日
2861502,Ornare Fusce Mollis Incorporated,1595449,070-917-9679,1997年09月29日
2865823,Gravida Non LLP,1245448,061-320-2174,1993年11月01日
2870144,Mollis Industries,1789894,018-036-9765,2009年01月01日
2874465,Duis Sit Foundation,1228164,044-136-1333,2014年01月03日
2878786,Vitae Velit Egestas Institute,2628168,018-877-9087,2017年12月31日
2883107,Curabitur Ltd,843595,055-200-8342,2020年08月21日
2887428,Et Company,1089892,098-749-6936,2018年10月30日
2891749,Dolor Dolor Limited,1556560,094-733-9363,2018年09月04日
2896070,Non Industries,908410,058-358-7697,1996年04月18日
2900391,Aliquam Enim Consulting,2459649,012-200-2161,2007年07月05日
2904712,Donec Consectetuer Mauris Corp.,2334340,069-239-3068,1993年07月31日
2909033,Orci Donec Nibh Ltd,2031870,009-447-9396,2000年07月17日
2913354,Eget Odio PC,2023228,022-293-2116,2010年11月20日
2917675,Suspendisse Industries,2152858,027-770-6104,2007年09月18日
2921996,Dui Semper Et Corporation,2196068,024-437-1806,1991年12月12日
2926317,Justo Eu Arcu Foundation,2792366,065-484-1136,2008年01月25日
2930638,Mauris Molestie Associates,2204710,061-838-2660,2018年09月11日
2934959,Nunc Est Consulting,2615205,030-892-5898,1999年04月14日
2939280,Sem Company,2498538,064-918-4345,2015年08月21日
2943601,Ac Libero LLC,1102855,091-950-7435,2012年09月26日
2947922,Libero Ltd,1794215,003-309-2643,2001年11月30日
2952243,Est Mauris PC,1284337,063-643-7484,1996年05月14日
2956564,Risus Industries,2796687,075-916-2016,1994年07月02日
2960885,Cras Vulputate Velit Ltd,2252241,091-217-1874,2014年07月26日
2965206,Ac Fermentum Incorporated,1401004,068-490-8806,2018年08月18日
2969527,Odio Phasellus At LLC,1513350,097-914-9440,1998年06月12日
2973848,Aliquam Eu Foundation,2113969,017-275-5140,2016年09月08日
2978169,Magna Institute,2891749,059-238-3488,1995年05月03日
2982490,Rutrum Incorporated,2433723,096-049-1009,2011年09月11日
2986811,Tellus Lorem Eu Inc.,917052,056-105-9527,2010年03月31日
2991132,Donec Dignissim Corporation,1854709,032-125-7985,2003年10月20日
2995453,Nunc Sollicitudin LLP,2636810,092-828-6512,1995年11月21日
2999774,Ipsum Industries,2809650,031-006-0784,2018年07月18日
3004095,Risus Odio PC,2295451,016-481-2656,2006年09月30日
3008416,Convallis Dolor Ltd,1759647,067-762-8987,1991年12月24日
3012737,Ornare Lectus Consulting,2057796,096-326-8149,1994年08月19日
3017058,Eu Nibh LLP,1716437,002-641-3095,1996年06月17日
3021379,Vestibulum Ante Ipsum Corporation,644829,070-323-5275,2014年10月16日
3025700,Vivamus Non Lorem Company,973225,073-873-6299,2010年07月09日
3030021,Placerat Cras LLC,2680020,094-428-2628,2014年02月18日
3034342,Faucibus Institute,2857181,027-052-1311,2018年10月02日
3038663,Sit Amet Nulla LLC,1850388,021-416-4981,1992年07月04日
3042984,Nonummy Ipsum Industries,2658415,099-785-1201,2010年05月12日
3047305,Mauris Sagittis Industries,1651622,005-607-8435,1999年05月31日
3051626,Sollicitudin Limited,1418288,014-485-5113,2004年08月20日
3055947,Diam Duis LLP,1401004,051-630-6702,2014年12月18日
3060268,Cras Lorem Incorporated,2476933,071-478-6134,2012年07月19日
3064589,Sed Ltd,2403476,013-970-8119,2012年12月25日
3068910,Metus Sit Amet LLP,2623847,096-760-6172,2014年03月26日
3073231,Pellentesque Ut Industries,2036191,042-338-0071,2007年10月20日
3077552,Ullamcorper Incorporated,2749156,060-373-9012,1993年10月29日
3081873,Adipiscing Mauris Molestie Consulting,1647301,083-298-6082,2017年11月02日
3086194,Dolor Quam LLP,2714588,020-885-9742,1999年12月19日
3090515,Ullamcorper Viverra Maecenas Ltd,2278167,009-634-7644,2008年01月21日
3094836,Sed Nunc Est Industries,614582,036-870-4378,2016年01月13日
3099157,Tortor Integer Incorporated,2485575,077-927-7047,2018年01月17日
3103478,Proin Eget Limited,2299772,020-140-2255,2004年03月04日
3107799,Ut PC,2317056,034-691-5068,2015年09月06日
3112120,Felis Eget Varius Company,2239278,021-455-1466,2001年10月21日
3116441,Amet Ultricies Limited,2818292,063-363-4210,2004年01月21日
3120762,Elit Foundation,2671378,045-983-5666,2000年09月08日
3125083,Auctor Velit LLP,2135574,030-918-0576,2010年09月25日
3129404,Nisl Sem Limited,2818292,054-640-4950,2008年09月27日
3133725,Nec Limited,3120762,071-093-1142,2012年04月09日
3138046,Bibendum Sed Est Corp.,1984339,027-422-9729,2015年06月19日
3142367,Consequat Associates,2442365,082-919-4720,2011年01月04日
3146688,Quis Corporation,169519,040-252-0483,2014年07月11日
3151009,Turpis Consulting,2148537,030-095-1082,1994年11月07日
3155330,A Neque Nullam Institute,3120762,095-833-3525,2008年01月18日
3159651,Vitae Purus Gravida Ltd,1604091,037-499-0482,2016年12月22日
3163972,In Consulting,3142367,023-957-8282,2005年11月07日
3168293,Dolor Nulla Semper Consulting,1820141,060-339-5175,2006年02月26日
3172614,Neque Tellus Imperdiet Corporation,2330019,068-701-1224,2015年10月08日
3176935,Sit Amet Ultricies Institute,2213352,047-447-6451,2016年01月11日
3181256,Rutrum Fusce Dolor Corporation,2036191,014-349-8167,2002年01月08日
3185577,Lacus Inc.,1742363,094-075-9735,2000年11月24日
3189898,Sed Ltd,2299772,075-658-7435,2011年12月13日
3194219,Faucibus Orci Luctus Ltd,2602242,055-594-0432,2017年01月21日
3198540,Elementum Ltd,1362115,056-306-0549,1998年05月03日
3202861,Egestas A Scelerisque Foundation,1915203,075-520-7975,2008年09月04日
3207182,Parturient Montes Nascetur Industries,1630017,012-388-5528,2018年04月24日
3211503,Orci Quis Associates,3142367,000-173-2401,2005年07月29日
3215824,Eu Metus In Consulting,2088043,045-504-5872,1994年07月24日
3220145,Vitae Dolor Donec Industries,1677548,008-285-5036,1996年04月08日
3224466,Duis LLP,2390513,081-712-8064,1998年04月08日
3228787,In Ornare Corporation,3008416,020-605-9717,2006年08月05日
3233108,Sit Amet Consulting,2196068,047-076-3672,2016年02月04日
3237429,Curabitur Inc.,757175,018-903-1635,2015年04月26日
3241750,A Enim Corp.,3233108,048-852-9434,2002年04月21日
3246071,Sit Amet Ante Institute,839274,026-280-0055,1991年03月06日
3250392,Arcu Vestibulum LLC,1958413,074-593-6325,2019年10月07日
3254713,Faucibus Company,2883107,094-489-2491,2008年05月27日
3259034,Nec Industries,2852860,019-547-3833,1997年06月03日
3263355,Nunc Ullamcorper Eu LLC,3176935,055-022-9692,1995年04月16日
3267676,Risus Donec LLP,1254090,025-512-7512,2017年01月13日
3271997,Elit Pretium Et Incorporated,1902240,084-124-0548,2015年10月16日
3276318,Nisl Arcu Iaculis Foundation,817669,082-537-2210,2009年08月24日
3280639,Ullamcorper Eu Inc.,627545,047-349-8241,2018年04月07日
3284960,Tellus Non Limited,2027549,094-795-6631,2014年07月20日
3289281,Nunc Pulvinar Institute,1254090,021-771-9157,2017年11月10日
3293602,Mi Inc.,1444214,015-951-8293,2006年11月09日
3297923,Pharetra Felis Corporation,2472612,046-754-0690,2013年07月01日
3302244,Volutpat Ornare Ltd,3151009,031-843-1177,2003年06月23日
3306565,Quisque Tincidunt Incorporated,2325698,075-939-1703,1999年06月01日
3310886,Diam Nunc Ullamcorper Institute,1794215,004-850-3617,1997年12月29日
3315207,Nec Tempus Mauris PC,2325698,090-051-8157,1998年03月21日
3319528,Lorem Ipsum Dolor Corporation,2900391,073-646-0586,1993年08月11日
3323849,Fusce PC,1305942,020-785-4220,2013年07月16日
3328170,Id Blandit Inc.,2269525,073-611-9778,2000年08月23日
3332491,Elementum Purus Accumsan Inc.,1526313,070-009-6209,2019年12月13日
3336812,Eros Nec Tellus LLP,2330019,030-063-3382,2009年04月13日
3341133,Blandit Mattis LLP,1591128,079-484-3141,2003年10月21日
3345454,Et Ultrices Posuere Institute,2926317,046-796-9148,2011年04月23日
3349775,Quam Pellentesque Habitant Ltd,2416439,094-648-7790,2009年07月17日
3354096,Nisi Cum Foundation,2001623,039-809-7629,1994年06月03日
3358417,Dignissim Corp.,2740514,023-681-5724,2008年10月02日
3362738,Odio Foundation,3021379,067-673-8540,2018年10月06日
3367059,Dis Parturient Ltd,2947922,062-698-5499,1998年12月14日
3371380,Aliquam Arcu Ltd,2273846,059-556-5719,2008年01月03日
3375701,Vivamus Associates,1055324,064-946-8893,2014年06月13日
3380022,Cum Sociis Natoque LLP,1686190,092-624-5784,1991年11月03日
3384343,Fusce Limited,904089,032-536-6911,1999年10月22日
3388664,Tristique Neque Venenatis Inc.,3293602,052-770-0876,1996年04月21日
3392985,Lobortis Inc.,2645452,094-396-6647,2013年07月26日
3397306,Pharetra Sed LLC,2684341,035-804-4680,1995年03月26日
3401627,Lectus Pede PC,1936808,062-814-1705,1993年05月15日
3405948,Donec Corp.,1543597,095-226-7411,2011年07月26日
3410269,Pellentesque Industries,1867672,060-443-5926,1998年08月05日
3414590,Ac Facilisis Industries,1547918,002-510-9442,2017年11月11日
3418911,Dolor Corporation,2995453,091-484-4844,1997年06月21日
3423232,Sociis Natoque Penatibus Limited,1353473,024-613-9910,2010年03月01日
3427553,Maecenas Malesuada Fringilla Corp.,2883107,076-928-5863,2015年11月15日
3431874,Eu Tempor Foundation,1236806,067-882-4933,2019年04月16日
3436195,Semper Corporation,1314584,071-410-8754,2000年12月24日
3440516,Non Lobortis Associates,2092364,000-964-2757,1992年01月27日
3444837,Etiam Industries,3099157,006-754-4325,2012年05月19日
3449158,Nec Enim Nunc Corporation,1020756,093-869-3793,2006年06月02日
3453479,Donec PC,2999774,046-992-2862,2008年04月28日
3457800,Etiam Imperdiet Dictum LLP,3129404,086-402-1414,2006年01月09日
3462121,Pede Cum LLC,2079401,018-215-5809,2012年07月25日
3466442,Nunc Sed Associates,2005944,033-810-2894,1994年01月24日
3470763,In Condimentum Donec Inc.,3444837,062-264-5953,1995年03月25日
3475084,Suspendisse Tristique Foundation,3384343,034-760-1624,1994年07月13日
3479405,Torquent Consulting,2926317,094-606-3366,1997年09月26日
3483726,Sit Amet Risus Consulting,2667057,080-359-6623,2016年04月18日
3488047,Ac Ipsum LLP,2178784,072-882-9214,1992年08月15日
3492368,Aenean Eget Ltd,1560881,082-589-4984,2007年03月09日
3496689,Eu Foundation,2952243,002-134-9014,1992年07月14日
3501010,Tellus Suspendisse Consulting,1664585,042-884-2585,1996年09月11日
3505331,Imperdiet Non Limited,2053475,028-786-5361,2005年11月10日
3509652,Turpis In Corp.,2559032,062-305-4349,2013年06月11日
3513973,Tincidunt Nibh Phasellus Ltd,2416439,086-839-8027,1998年03月26日
3518294,Integer Sem Corporation,2723230,039-722-3679,2014年06月15日
3522615,Ac Institute,2986811,056-734-1868,1993年06月04日
3526936,Commodo Auctor PC,1500387,058-774-5690,2013年04月07日
3531257,Luctus Curabitur Egestas Associates,2887428,092-594-2495,2019年11月25日
3535578,Egestas Blandit Nam PC,2010265,015-903-6138,2020年09月04日
3539899,Morbi Accumsan Company,2710267,002-282-0555,2004年08月06日
3544220,Dui In Sodales Institute,2744835,031-549-7839,2000年01月10日
3548541,Libero LLP,13963,096-472-6035,1991年01月12日
3552862,Sit Amet Luctus Company,1837425,047-315-4952,1993年12月05日
3557183,Natoque Penatibus Inc.,2667057,012-382-3257,2008年07月02日
3561504,Commodo Tincidunt Nibh Foundation,2528785,038-635-1943,1994年05月12日
3565825,Ligula Consectetuer Consulting,3306565,076-963-5707,1998年08月01日
3570146,Lorem Tristique Aliquet Associates,2628168,094-387-8527,1996年01月09日
3574467,Sed Consulting,1833104,075-412-3340,2006年01月13日
3578788,Quisque Associates,2524464,069-781-3966,1997年01月14日
3583109,Viverra Donec PC,1712116,098-812-9017,2012年06月17日
3587430,Velit Eget Laoreet LLP,2468291,056-937-7383,1998年06月27日
3591751,Lobortis Quam Ltd,3578788,078-773-2898,2003年06月14日
3596072,Tincidunt Donec Vitae Industries,592977,066-538-6188,1999年05月29日
3600393,Vulputate Institute,847916,026-330-8583,2008年02月18日
3604714,Tempus Scelerisque Ltd,2351624,075-913-6870,1992年03月09日
3609035,Donec Felis Orci Institute,2680020,053-713-1014,2000年03月18日
3613356,Magna Nam LLP,532483,062-380-3575,2017年06月14日
3617677,Nec Ante Foundation,3371380,060-468-4103,1995年08月31日
3621998,Orci Ltd,1249769,085-166-3120,2003年01月11日
3626319,Nibh Enim Gravida Institute,3172614,067-508-2153,2009年04月06日
3630640,Sed Corp.,1081250,065-775-2542,1999年04月16日
3634961,Dui Ltd,1245448,010-509-8688,2009年05月05日
3639282,Congue A Aliquet Company,3034342,072-906-8872,1999年06月05日
3643603,Quis Diam LLP,234334,001-409-1081,2005年01月01日
3647924,Quam Quis Diam Institute,1491745,086-808-0508,2015年02月23日
3652245,Amet Limited,2109648,060-994-8594,2006年03月03日
3656566,Quam Quis Corporation,2792366,061-525-8872,2000年09月26日
3660887,Volutpat Ornare Facilisis Corp.,74457,079-530-5255,2013年09月01日
3665208,Proin Corporation,1033719,059-440-2379,2020年02月28日
3669529,Tellus Inc.,3038663,059-294-5447,2002年05月22日
3673850,Nostra Associates,1833104,057-280-7984,1998年06月14日
3678171,Tristique Pellentesque Tellus LLP,2822613,005-107-5613,2011年01月01日
3682492,Suscipit Institute,2502859,039-872-1559,1992年10月19日
3686813,Curabitur Consequat Lectus LLP,2209031,054-724-0414,1999年05月21日
3691134,Vitae Orci Phasellus Consulting,2403476,085-839-1187,2009年10月25日
3695455,Aliquam Rutrum Lorem Corp.,2174463,000-665-1303,2008年05月16日
3699776,In Nec Orci Incorporated,2489896,052-595-6816,2007年01月17日
3704097,Posuere LLC,2805329,077-696-9880,2002年06月09日
3708418,Ut Inc.,1612733,069-109-7941,2014年06月30日
3712739,Cum Sociis Natoque Limited,1608412,081-987-9729,2011年10月21日
3717060,Est Mauris Eu Ltd,471989,063-701-6903,1996年10月09日
3721381,Ac Company,2502859,016-179-0795,2019年01月02日
3725702,Tempus Eu Ligula Incorporated,2848539,005-641-9004,2012年05月04日
3730023,Tristique Corporation,2144216,040-240-7441,2009年09月22日
3734344,Neque Non Quam Institute,2234957,089-423-4968,2002年05月14日
3738665,Quam Vel Sapien Institute,2909033,074-590-1397,1993年09月18日
3742986,Quisque Imperdiet Limited,3146688,012-830-4655,1997年10月25日
3747307,Sed Institute,3220145,043-340-0127,2004年10月01日
3751628,Nec Malesuada Foundation,3462121,081-694-0240,2013年07月06日
3755949,Nunc Interdum Feugiat Incorporated,3380022,085-346-9714,2005年05月28日
3760270,Diam Duis Industries,1560881,017-818-6768,2003年07月22日
3764591,Luctus Lobortis Class Incorporated,2174463,051-699-7666,2017年05月17日
3768912,Libero Morbi Accumsan Limited,1703474,041-829-8536,2006年10月03日
3773233,Non Egestas Industries,1617054,006-336-5547,1999年09月24日
3777554,Est Ac Industries,3518294,024-956-0873,1996年07月07日
3781875,Proin Dolor Institute,1625696,084-364-7916,2011年11月30日
3786196,Bibendum Limited,3604714,014-010-0957,2009年02月08日
3790517,Pellentesque Eget Limited,2762119,035-296-8526,2016年11月28日
3794838,Justo Proin Non LLP,2813971,023-093-5358,2000年09月02日
3799159,Nec Orci Donec LLP,2753477,007-417-4590,1996年07月04日
3803480,Libero Donec Inc.,2282488,082-540-0972,1997年03月24日
3807801,Pede Malesuada LLP,2947922,001-307-4408,2016年04月01日
3812122,Faucibus PC,3600393,020-109-6387,2006年10月15日
3816443,Sed Industries,2731872,061-741-6119,1996年03月03日
3820764,Luctus PC,2442365,048-667-8989,2005年08月04日
3825085,Est Corp.,2386192,038-128-8658,1991年06月22日
3829406,Vestibulum Ante Associates,3146688,027-105-4645,2011年11月12日
3833727,Arcu Ac PC,2083722,003-239-6327,1994年02月08日
3838048,A Mi Ltd,1076929,009-017-1792,2003年05月05日
3842369,Mauris Id Sapien Consulting,2481254,083-267-6144,2008年03月02日
3846690,Sem Molestie Sodales Limited,1962734,005-732-4956,2018年02月05日
3851011,Quis Arcu Vel Institute,1236806,061-489-0907,2000年01月19日
3855332,Orci Lobortis Consulting,2165821,054-486-4404,2012年01月27日
3859653,Ante Ipsum Primis LLC,2610884,075-941-8488,1992年07月13日
3863974,Ipsum Phasellus Vitae Inc.,994830,050-524-5263,2006年12月27日
3868295,Tellus Id Consulting,3859653,049-427-5653,2005年03月27日
3872616,Justo Inc.,3604714,058-546-4203,2011年05月18日
3876937,Pellentesque Ultricies Dignissim PC,644829,085-967-0585,1999年03月05日
3881258,Erat Corp.,1310263,018-970-4953,1991年12月25日
3885579,Adipiscing Elit Corporation,1621375,091-260-9942,2004年10月12日
3889900,Ornare Libero At LLC,3725702,010-264-8273,2003年11月23日
3894221,Proin Company,1232485,056-283-3427,2019年04月03日
3898542,Ac Facilisis Facilisis Limited,3302244,079-694-4501,2015年11月26日
3902863,Semper Pretium Inc.,1582486,027-330-3553,2016年10月15日
3907184,Quis Lectus Nullam Incorporated,3768912,069-396-1115,2009年09月30日
3911505,Dictum Phasellus Inc.,3405948,063-214-6324,2015年09月26日
3915826,Nunc Limited,2494217,086-583-2638,2018年11月27日
3920147,Donec Fringilla Donec Inc.,1366436,071-104-8785,2013年09月04日
3924468,Suscipit Associates,2813971,056-665-3003,2000年02月09日
3928789,Urna Suscipit Associates,3367059,052-164-6738,2001年09月09日
3933110,Etiam Gravida Consulting,2187426,028-165-4245,1997年10月25日
3937431,Nec Diam Ltd,3786196,020-153-6281,1994年06月25日
3941752,Lacinia Sed Congue Company,2744835,083-084-9814,2002年11月05日
3946073,Cursus Incorporated,2917675,080-792-8406,2019年03月14日
3950394,Nullam Corporation,3202861,009-561-4286,2018年10月22日
3954715,Mauris Molestie Pharetra Corp.,2507180,088-816-2256,1998年10月26日
3959036,Nunc Ltd,3937431,054-382-9592,1994年03月05日
3963357,Id Limited,1936808,040-260-3835,2007年05月12日
3967678,Turpis Aliquam Adipiscing Industries,1111497,019-629-8346,2004年03月14日
3971999,Vel Nisl Quisque Inc.,2969527,079-323-6784,2010年01月21日
3976320,In Dolor Fusce LLP,2291130,081-207-7950,1992年12月21日
3980641,Sed Tortor Integer Ltd,13963,044-239-1395,1992年03月10日
3984962,Pulvinar Industries,3302244,071-864-6620,2005年09月30日
3989283,Parturient Montes Institute,1975697,014-868-4881,2011年05月27日
3993604,Placerat Orci Lacus Corp.,718286,013-579-3159,2014年10月04日
3997925,Arcu Associates,1699153,004-949-4551,2003年10月13日
4002246,Eu Eleifend Nec Associates,2978169,082-600-3713,1999年03月10日
4006567,Turpis Aliquam Corporation,2839897,047-586-0903,2006年01月18日
4010888,Ante Ipsum Primis Industries,1824462,044-029-9552,2013年03月31日
4015209,Amet Luctus Vulputate Limited,1651622,000-789-3888,2002年03月27日
4019530,A Incorporated,3539899,021-898-1510,2009年06月08日
4023851,Lorem Corp.,3946073,051-120-2709,1990年11月07日
4028172,Donec LLC,355322,066-693-0788,2004年10月22日
4032493,A Ultricies Incorporated,688039,060-793-9010,1997年04月08日
4036814,Malesuada Integer Id Institute,2040512,070-430-9120,2019年06月21日
4041135,Lectus Associates,3695455,008-542-6472,2008年07月31日
4045456,Sagittis Nullam Vitae Limited,2070759,092-254-7295,1999年08月31日
4049777,Ullamcorper Eu Euismod Corp.,3483726,038-054-0539,1990年11月15日
4054098,Semper LLC,3410269,039-700-6772,1995年12月12日
4058419,Donec Sollicitudin Adipiscing Consulting,3436195,072-294-7402,1991年10月18日
4062740,Ac Metus Vitae Corp.,3863974,079-025-1432,1998年02月07日
4067061,Leo Cras Vehicula Industries,3846690,066-209-0284,2015年11月29日
4071382,Ornare Elit Elit Corporation,3328170,056-355-1181,1992年02月17日
4075703,Lectus Convallis Inc.,3920147,000-467-7468,2012年02月13日
4080024,Venenatis Lacus Etiam LLP,1746684,072-846-2464,2008年01月23日
4084345,Euismod Et Commodo Inc.,3224466,025-691-2837,2001年06月13日
4088666,Amet Corp.,3349775,064-446-7235,2005年04月14日
4092987,Et Netus Foundation,2762119,021-963-6607,2004年12月23日
4097308,Donec Feugiat Foundation,2654094,010-210-3163,2009年08月05日
4101629,Blandit Institute,2377550,013-934-1125,2005年11月22日
4105950,Gravida Sit Amet Limited,2809650,023-423-2313,2001年02月02日
4110271,Eget Tincidunt Inc.,2757798,005-623-4368,1996年11月04日
4114592,Eget Laoreet Posuere Industries,4028172,066-186-6596,2019年04月12日
4118913,Est Vitae Sodales Corp.,3241750,064-409-9781,2008年11月07日
4123234,Aliquet Diam Institute,3310886,079-419-2470,2000年05月17日
4127555,Nulla Aliquet Proin Industries,2956564,079-798-9599,2002年03月31日
4131876,Quis Accumsan Corporation,2718909,099-494-1779,2008年11月29日
4136197,Velit Aliquam Institute,1884956,086-675-2919,1997年04月29日
4140518,Tincidunt Ltd,3397306,084-355-9073,2000年08月12日
4144839,Ac LLC,860879,048-161-5904,2003年04月02日
4149160,Proin LLP,2982490,066-388-4575,2018年07月09日
4153481,Arcu Ac LLP,1526313,023-256-3368,2000年09月13日
4157802,Sapien Molestie Orci LLC,2446686,089-306-3521,2019年11月01日
4162123,Ac Inc.,2550390,052-990-3567,1992年05月12日
4166444,Feugiat Non Lobortis PC,3220145,085-945-3689,2005年04月15日
4170765,Pellentesque Tincidunt Corporation,3717060,025-245-5198,2011年08月23日
4175086,Lorem Company,4101629,031-313-3044,2013年03月17日
4179407,Nam Consequat Dolor Limited,1206559,063-858-8499,2012年08月02日
4183728,Dolor Fusce Mi Corp.,1232485,034-087-7423,1993年03月28日
4188049,Et Tristique Pellentesque Associates,3881258,083-741-4246,1992年02月02日
4192370,Dapibus Quam PC,1811499,045-936-9279,2020年07月26日
4196691,Sed Company,3345454,045-846-7072,1997年03月28日
4201012,Ut Aliquam Associates,3444837,038-322-4555,2017年11月02日
4205333,At Sem LLP,2256562,036-040-1972,2017年07月26日
4209654,Facilisi Sed Institute,3012737,076-929-2212,2004年09月25日
4213975,Elit Inc.,1141744,040-744-6545,2001年04月13日
4218296,Vehicula Consulting,2705946,031-074-2457,2003年03月16日
4222617,Quis Corp.,3669529,083-433-0010,2006年11月16日
4226938,Nulla Industries,3963357,032-649-1651,1999年05月20日
4231259,Ipsum Industries,3163972,008-542-7727,1999年11月14日
4235580,Eu Turpis Incorporated,3094836,064-764-5191,1992年12月30日
4239901,Nulla Company,2662736,064-521-1592,2000年07月29日
4244222,Ac Sem Consulting,3315207,021-271-2096,1991年09月07日
4248543,Nunc Incorporated,3755949,018-353-8929,1997年06月29日
4252864,Turpis Vitae Institute,3371380,025-170-7189,2007年07月25日
4257185,Aliquet Molestie Tellus LLC,3954715,078-950-2448,2018年07月30日
4261506,Lectus Sit PC,3241750,044-516-7545,2015年05月11日
4265827,Sed Sapien Nunc Industries,4179407,008-288-1102,2006年01月21日
4270148,Quis Pede Inc.,2446686,048-965-7048,2014年02月24日
4274469,Vivamus Industries,2697304,064-986-6885,1991年07月28日
4278790,Bibendum Ullamcorper Duis LLC,1517671,092-917-6735,2018年06月15日
4283111,Phasellus At Augue Inc.,688039,023-927-2849,2003年12月19日
4287432,Erat LLP,2027549,080-497-4269,2003年08月06日
4291753,Neque Vitae Corp.,2541748,003-769-1490,2017年10月14日
4296074,Sem Molestie Sodales Corp.,2394834,008-984-5386,2006年09月25日
4300395,Ad Litora Corporation,3535578,021-137-5752,2019年10月05日
4304716,Nec Urna Industries,2278167,092-555-8223,2005年03月27日
4309037,Vulputate Mauris Institute,3418911,056-598-5016,2011年07月14日
4313358,Dolor LLP,3042984,004-299-2421,2013年02月14日
4317679,Nisi Dictum Institute,2399155,070-009-4149,2006年12月25日